順位,ID,高専名,企業評価額(億円),丸札数,仁木 勝雅,川上 皓裕,佐渡 貴奈子,村上 由美子,松本 真尚,企業評価額 合計
1,DCON2025_6,豊田高専,7.0,5,3.5,7.0,3.0,3,6.0,22.5
2,DCON2025_7,鳥羽商船高専,1.5,4,,0.7,1.5,1,0.5,3.7
3,DCON2025_5,富山高専 本郷キャンパス,0.8,2,,,0.8,0.05,,0.85
4,DCON2025_2,仙台高専 広瀬キャンパス,0.7,4,0.2,,0.3,0.1,0.7,1.3
5,DCON2025_3,茨城高専,0.5,1,,,0.5,,,0.5
6,DCON2025_8,沖縄高専,0.3,2,,,0.3,0.3,,0.6
7,DCON2025_1,一関高専,0.3,2,0.3,,,0.05,,0.35
8,DCON2025_9,大阪公大高専,0.2,1,0.2,,,,,0.2
9,DCON2025_4,群馬高専,0.2,1,,,,0.2,,0.2
10,DCON2025_10,岐阜高専＆福島高専,0,0,,,,,,0